<?xml version='1.0'?>
<home version='7000' exportFlags='17' name='sh-edit2.sh3d' camera='observerCamera' wallHeight='243.84'>
  <environment groundColor='00A8A8A8' skyColor='00CCE4FC' lightColor='00D0D0D0' allLevelsVisible='true'>
    <observerCamera attribute='cameraPath' id='observerCamera-b04a7149-557a-499b-b85d-78427196cf6f' lens='PINHOLE' x='325.0159' y='-125.34961' z='129.52682' yaw='308.39932' pitch='-0.0457963' fieldOfView='1.6929693' time='1676116800681'/>
    <observerCamera attribute='cameraPath' id='observerCamera-3185a706-fbd8-4047-ab9f-47dcda2dc3a6' lens='PINHOLE' x='-869.8553' y='32.619667' z='129.52682' yaw='311.96036' pitch='-0.0457963' fieldOfView='1.6929693' time='1676116800681'/>
    <observerCamera attribute='cameraPath' id='observerCamera-8f823198-4e87-4129-8b09-9987895e37e9' lens='PINHOLE' x='-658.0907' y='-522.7838' z='129.52682' yaw='312.0651' pitch='-0.0457963' fieldOfView='1.6929693' time='1676116800681'/>
    <observerCamera attribute='cameraPath' id='observerCamera-4b2b0fdc-1367-4de5-8bca-dccd0394c6be' lens='PINHOLE' x='-670.8844' y='-410.81406' z='129.52682' yaw='309.49905' pitch='-0.0457963' fieldOfView='1.6929693' time='1676116800681'/>
    <observerCamera attribute='cameraPath' id='observerCamera-a4a6ec1b-b487-4235-b05c-38a7660eb21c' lens='PINHOLE' x='149.45035' y='-250.9043' z='129.52682' yaw='305.4667' pitch='-0.0457963' fieldOfView='1.6929693' time='1676116800681'/>
    <observerCamera attribute='cameraPath' id='observerCamera-ce3d7643-0166-46c6-a79e-2b2b074fcac3' lens='PINHOLE' x='149.45032' y='-250.9043' z='129.52682' yaw='305.4667' pitch='-0.0457963' fieldOfView='1.6929693' time='1676116800681'/>
    <observerCamera attribute='cameraPath' id='observerCamera-d2095347-8b4d-4e08-b10a-8463daceeee5' lens='PINHOLE' x='-668.0528' y='-96.26974' z='129.52682' yaw='302.7149' pitch='-0.05079627' fieldOfView='1.6929693' time='1676116800681'/>
    <observerCamera attribute='cameraPath' id='observerCamera-ba18f652-dec2-4b2d-953a-b5afbab93070' lens='PINHOLE' x='19.747223' y='-368.98798' z='129.52682' yaw='304.23358' pitch='-0.05079627' fieldOfView='1.6929693' time='1676116800681'/>
  </environment>
  <observerCamera attribute='observerCamera' lens='PINHOLE' x='-140.31099' y='-327.13174' z='129.52682' yaw='400.80356' pitch='-0.17420343' fieldOfView='1.6929693' time='1676116800681'/>
  <camera attribute='topCamera' lens='PINHOLE' x='1038.6866' y='-957.8972' z='911.6227' yaw='-118.2829' pitch='0.49579686' fieldOfView='1.0995575' time='1665489600000'/>
  <doorOrWindow catalogId='eTeks#door' name='Door' creator='eTeks' model='1' x='353.58844' y='-53.028606' angle='4.712389' width='91.44' depth='38.334003' height='208.28' modelSize='14086' movable='false' cutOutShape='M0,0 v1 h1 v-1 z' wallCutOutOnBothSides='true'/>
  <doorOrWindow catalogId='eTeks#window85x163' name='Window' creator='eTeks' model='3' x='161.94386' y='158.53261' elevation='46.989998' width='91.44' widthInPlan='91.44001' depth='27.000696' height='173.98999' modelSize='8910' movable='false' cutOutShape='M0,0 v1 h1 v-1 z' wallCutOutOnBothSides='true'/>
  <doorOrWindow catalogId='eTeks#window85x163' name='Window' creator='eTeks' model='3' x='-64.90246' y='158.53261' elevation='46.989998' width='91.44' depth='27.000696' height='173.98999' modelSize='8910' movable='false' cutOutShape='M0,0 v1 h1 v-1 z' wallCutOutOnBothSides='true'/>
  <doorOrWindow catalogId='eTeks#window85x163' name='Window' creator='eTeks' model='3' x='-546.2262' y='160.78528' elevation='46.989998' width='91.44' depth='27.000696' height='173.98999' modelSize='8910' movable='false' cutOutShape='M0,0 v1 h1 v-1 z' wallCutOutOnBothSides='true'/>
  <doorOrWindow catalogId='eTeks#window85x163' name='Window' creator='eTeks' model='3' x='-454.7862' y='160.78528' elevation='46.989998' width='91.44' depth='27.000696' height='173.98999' modelSize='8910' movable='false' cutOutShape='M0,0 v1 h1 v-1 z' wallCutOutOnBothSides='true'/>
  <pieceOfFurniture catalogId='eTeks#stool' name='Stool' creator='eTeks' model='5' x='-117.12616' y='120.52489' angle='3.1415927' width='40.005' depth='40.005' height='45.72' modelSize='19756'/>
  <light catalogId='eTeks#lamp' name='Lamp' creator='eTeks' model='7' x='-117.46982' y='117.6002' elevation='50.8' angle='3.1415927' width='44.1325' depth='44.1325' height='49.8475' modelSize='21749'/>
  <doorOrWindow catalogId='eTeks#door' name='Door' creator='eTeks' model='1' x='-717.2401' y='210.75833' angle='3.70827E-8' width='91.44' depth='38.334003' height='208.28' modelSize='14086' movable='false' cutOutShape='M0,0 v1 h1 v-1 z' wallCutOutOnBothSides='true'/>
  <doorOrWindow catalogId='eTeks#doorFrame' name='Door frame' creator='eTeks' model='9' x='-502.10092' y='-207.46964' angle='3.1415927' width='91.44' depth='25.000698' height='208.28' modelSize='1281' movable='false' cutOutShape='M0,0 v1 h1 v-1 z' wallCutOutOnBothSides='true'/>
  <doorOrWindow catalogId='eTeks#doorFrame' name='Door frame' creator='eTeks' model='9' x='59.318405' y='-207.46964' angle='3.1415927' width='91.44' depth='25.000698' height='208.28' modelSize='1281' movable='false' cutOutShape='M0,0 v1 h1 v-1 z' wallCutOutOnBothSides='true'/>
  <doorOrWindow catalogId='eTeks#doorFrame' name='Door frame' creator='eTeks' model='9' x='-657.1025' y='-29.329113' angle='1.5707964' width='91.44' depth='25.000698' height='208.28' modelSize='1281' movable='false' cutOutShape='M0,0 v1 h1 v-1 z' wallCutOutOnBothSides='true'/>
  <doorOrWindow catalogId='eTeks#doorFrame' name='Door frame' creator='eTeks' model='9' x='19.741837' y='-372.56934' angle='3.1415927' width='91.44' depth='25.000698' height='208.28' modelSize='1281' movable='false' cutOutShape='M0,0 v1 h1 v-1 z' wallCutOutOnBothSides='true'/>
  <doorOrWindow catalogId='eTeks#doorFrame' name='Door frame' creator='eTeks' model='9' x='142.99884' y='-291.58887' angle='1.5707964' width='91.44' depth='25.000698' height='208.28' modelSize='1281' movable='false' cutOutShape='M0,0 v1 h1 v-1 z' wallCutOutOnBothSides='true'/>
  <doorOrWindow catalogId='eTeks#doubleWindow126x163' name='Double window' creator='eTeks' model='11' x='368.5888' y='-587.0141' elevation='46.989998' angle='3.1415927' width='132.08' depth='27.000696' height='173.98999' modelSize='13650' movable='false' cutOutShape='M0,0 v1 h1 v-1 z' wallCutOutOnBothSides='true'/>
  <doorOrWindow catalogId='eTeks#window85x163' name='Window' creator='eTeks' model='3' x='542.9279' y='-369.6394' elevation='46.989998' angle='4.712389' width='91.44' depth='27.000696' height='173.98999' modelSize='8910' movable='false' cutOutShape='M0,0 v1 h1 v-1 z' wallCutOutOnBothSides='true'/>
  <doorOrWindow catalogId='eTeks#door' name='Door' creator='eTeks' model='1' x='208.49567' y='-576.6572' angle='1.7484555E-7' width='91.44' depth='38.334003' height='208.28' modelSize='14086' movable='false' cutOutShape='M0,0 v1 h1 v-1 z' wallCutOutOnBothSides='true'/>
  <doorOrWindow catalogId='eTeks#doorFrame' name='Door frame' creator='eTeks' model='9' x='-657.1024' y='-301.84763' angle='1.5707964' width='91.44' depth='25.000698' height='208.28' modelSize='1281' movable='false' cutOutShape='M0,0 v1 h1 v-1 z' wallCutOutOnBothSides='true'/>
  <pieceOfFurniture catalogId='eTeks#toiletUnit' name='Toilet unit' creator='eTeks' model='13' x='-212.6692' y='-257.9194' angle='3.1415927' width='50.8' depth='81.28' height='83.82' heightInPlan='83.81999' modelSize='125874' movable='false'/>
  <doorOrWindow catalogId='eTeks#doorFrame' name='Door frame' creator='eTeks' model='9' x='-172.8188' y='-295.9228' angle='4.712389' width='91.44' depth='25.000698' height='208.28' modelSize='1281' movable='false' cutOutShape='M0,0 v1 h1 v-1 z' wallCutOutOnBothSides='true'/>
  <pieceOfFurniture catalogId='eTeks#filledBookcase' name='Filled bookcase' creator='eTeks' model='15' x='-489.70657' y='-454.20227' angle='6.283185' width='203.2' depth='63.5' height='208.28' heightInPlan='208.28001' modelSize='50961'>
    <material name='lighttan2' color='FFB0B0B0'/>
  </pieceOfFurniture>
  <pieceOfFurniture catalogId='eTeks#roundTable' name='Round table' creator='eTeks' model='17' x='-112.86951' y='-436.84076' width='99.06' widthInPlan='99.05999' depth='96.52' depthInPlan='96.51999' height='73.659996' modelSize='8110'/>
  <pieceOfFurniture catalogId='eTeks#bedsideTable' name='Bedside table' creator='eTeks' model='19' x='-1039.6571' y='-292.75687' angle='4.712389' width='38.1' depth='38.1' height='71.119995' heightInPlan='71.11999' modelSize='2243'>
    <material name='amber' color='FF180100'/>
  </pieceOfFurniture>
  <doorOrWindow catalogId='eTeks#doorFrame' name='Door frame' creator='eTeks' model='9' x='-656.83734' y='-563.4154' angle='4.712389' width='91.44' depth='25.4' height='208.28' modelSize='1281' movable='false' cutOutShape='M0,0 v1 h1 v-1 z' wallCutOutOnBothSides='true'/>
  <pieceOfFurniture name='toiletsUnit' model='21/toiletsUnit.obj' x='-494.97574' y='-744.0728' width='50.8' widthInPlan='50.799995' depth='78.74' height='93.979996' modelSize='451531'/>
  <pieceOfFurniture name='mirror' model='23/mirror.obj' x='-588.15204' y='-785.58514' elevation='91.44' angle='1.7484555E-7' width='114.299995' widthInPlan='114.29999' depth='0.3175' height='111.759995' heightInPlan='111.75999' modelSize='7802'/>
  <pieceOfFurniture name='bathmat' model='25/bathmat.obj' x='-604.01514' y='-672.9223' width='76.2' widthInPlan='76.20002' depth='53.34' height='1.421634' modelSize='30248'/>
  <pieceOfFurniture name='refrigerator' model='27/refrigerator.obj' x='-723.34' y='-175.51254' width='90.09' depth='95.935' height='172.315' modelSize='352032'>
    <material name='Appliance_Stainless' color='FF7A7A7A' shininess='1.0'/>
    <material name='Grey_Plastic' color='FF575757'/>
  </pieceOfFurniture>
  <pieceOfFurniture name='showerHeadAndFaucet' model='29/showerHeadAndFaucet.obj' x='-331.5758' y='-501.63043' elevation='86.36' angle='3.1415927' width='25.4' widthInPlan='25.399998' depth='20.32' height='93.979996' modelSize='487509'/>
  <pieceOfFurniture name='bathmat' model='25/bathmat.obj' x='-452.24545' y='-620.8445' angle='1.5707964' width='76.2' depth='53.34' height='1.27' modelSize='30248'/>
  <doorOrWindow catalogId='eTeks#doubleWindow126x123' name='Double small window' creator='eTeks' model='31' x='-23.056557' y='-674.8704' elevation='86.994995' angle='3.1415927' width='132.08' depth='27.000696' height='133.985' modelSize='13503' movable='false' cutOutShape='M0,0 v1 h1 v-1 z' wallCutOutOnBothSides='true'/>
  <pieceOfFurniture name='ArmChair' model='33/singleChair.obj' x='1.658875' y='1.2632198' width='3.31775' depth='2.5264397' height='2.45884' modelSize='1162704'/>
  <pieceOfFurniture name='carpet' model='35/carpet.obj' x='-10.726318' y='-23.308552' angle='1.5707964' width='228.59999' depth='314.96' height='0.3175' shininess='0.0' modelSize='46714'/>
  <pieceOfFurniture name='couchPoofyPillows' model='37/couchPoofyPillows.obj' x='34.76133' y='91.284256' width='236.22' depth='93.979996' depthInPlan='93.97998' height='99.06' modelSize='1480613'>
    <material name='Sand' color='FF17003D'/>
    <material name='circulargreen' color='FF030303'/>
    <material name='woodfeet' color='FF7A4800' shininess='1.0'/>
  </pieceOfFurniture>
  <pieceOfFurniture name='ArmChair' model='33/singleChair.obj' x='-164.49149' y='-146.7944' width='129.54' depth='101.6' height='99.06' modelSize='1162704'>
    <material name='Sand' color='FF17003D'/>
    <material name='circulargreen' color='FFFF886F' shininess='0.0'/>
    <material name='woodfeet' color='FF7A4800' shininess='1.0'/>
  </pieceOfFurniture>
  <pieceOfFurniture catalogId='eTeks#roundTable' name='Round table' creator='eTeks' model='17' x='-30.39204' y='-34.09442' elevation='0.635' width='74.295' widthInPlan='74.29499' depth='67.31' height='35.559998' shininess='0.0' modelSize='8110'>
    <texture name='Wooden floor' creator='eTeks' catalogId='eTeks#woodenFloor' width='42.5' height='42.5' image='38'/>
  </pieceOfFurniture>
  <pieceOfFurniture name='TorontoOntarioPlaceFrame' model='40/TorontoOntarioPlaceFrame.obj' x='51.282097' y='144.45798' elevation='99.06' angle='3.1415927' width='119.38' depth='5.08' height='98.107506' modelSize='25047'/>
  <pieceOfFurniture name='pileMagazines' model='42/pileMagazines.obj' x='304.22095' y='115.28702' elevation='48.26' angle='1.5707964' width='27.25374' depth='33.725403' height='0.3175' modelSize='98614'/>
  <pieceOfFurniture name='lamp2' model='44/lamp2.obj' x='-25.62874' y='-37.596203' elevation='180.34' width='53.404793' widthInPlan='53.40479' depth='51.303467' height='63.350418' heightInPlan='63.350414' modelSize='360450'/>
  <pieceOfFurniture name='lamp2' model='44/lamp2.obj' x='-446.35745' y='-32.570984' elevation='180.34' width='53.34' depth='51.434998' height='63.5' modelSize='360450'/>
  <pieceOfFurniture name='living_lamp' model='46/living_lamp.obj' x='204.33134' y='120.326225' width='58.286423' depth='39.64513' height='142.90091' modelSize='333670'/>
  <pieceOfFurniture catalogId='eTeks#flatTV' name='Flat TV' creator='eTeks' model='48' x='-105.566376' y='-182.6719' elevation='101.6' width='120.9675' depth='29.845' height='79.375' modelSize='13041'/>
  <pieceOfFurniture name='frame2' model='50/frame_horizontal.obj' x='-335.95105' y='-196.7273' elevation='121.92' width='99.060005' depth='6.390969' height='63.5' modelSize='64271'/>
  <pieceOfFurniture name='spatifilum' model='52/spatifilum.obj' x='-287.68735' y='92.84861' angle='1.5707964' width='79.762' depth='74.905' height='137.16' modelSize='3884670'/>
  <pieceOfFurniture catalogId='eTeks#flatTV' name='Flat TV' creator='eTeks' model='48' x='-629.6796' y='80.04359' elevation='101.6' angle='1.5707965' width='120.9675' depth='29.845' height='79.375' modelSize='13041'/>
  <pieceOfFurniture catalogId='eTeks#flatTV' name='Flat TV' creator='eTeks' model='48' x='-629.6796' y='-132.50099' elevation='101.6' angle='1.5707965' width='120.9675' depth='29.845' height='79.375' modelSize='13041'/>
  <pieceOfFurniture name='plate-and-ustensils' model='54/plate-and-ustensils.obj' x='-408.92236' y='4.053631' elevation='75.00001' width='32.0675' depth='40.337677' height='15.653027' modelSize='223776'/>
  <pieceOfFurniture name='bathmat' model='25/bathmat.obj' x='-450.4181' y='-23.901882' elevation='75.00001' angle='3.1415927' width='144.78' widthInPlan='144.78001' depth='38.1' height='1.27' modelSize='30248'/>
  <pieceOfFurniture name='plate-and-ustensils' model='54/plate-and-ustensils.obj' x='-485.78653' y='1.5269599' elevation='74.93' width='32.0675' depth='40.3225' height='15.5575' modelSize='223776'/>
  <pieceOfFurniture name='plate-and-ustensils' model='54/plate-and-ustensils.obj' x='-513.0923' y='-25.779049' elevation='76.2' angle='1.5707964' width='32.0675' depth='40.3225' height='15.5575' modelSize='223776'/>
  <pieceOfFurniture name='plate-and-ustensils' model='54/plate-and-ustensils.obj' x='-488.58698' y='-55.337715' elevation='76.2' angle='3.1415927' width='32.0675' depth='40.3225' height='15.5575' modelSize='223776'/>
  <pieceOfFurniture name='plate-and-ustensils' model='54/plate-and-ustensils.obj' x='-407.7653' y='-53.359047' elevation='76.2' angle='3.1415927' width='32.0675' depth='40.3225' height='15.5575' modelSize='223776'/>
  <pieceOfFurniture name='plate-and-ustensils' model='54/plate-and-ustensils.obj' x='-379.91174' y='-23.25238' elevation='76.2' angle='4.712389' width='32.0675' depth='40.3225' height='15.5575' modelSize='223776'/>
  <pieceOfFurniture name='kitchenLowerCabinet' model='56/kitchenLowerCabinet.obj' x='-347.88263' y='-160.7644' width='165.09999' depth='73.659996' height='86.36' modelSize='89976'>
    <material name='Cupboard-units' color='FF000825' shininess='1.0'/>
    <material name='Metal-Handles' color='FF713600' shininess='1.0'/>
    <material name='Wood-top-suround' color='00000000' shininess='1.0'/>
    <material name='Worktops-main' color='FF000825' shininess='1.0'/>
  </pieceOfFurniture>
  <pieceOfFurniture name='bedsideTable2' model='58/bedsideTable2.obj' x='311.55014' y='117.64055' angle='1.5707964' width='48.55605' depth='48.12922' height='45.424576' modelSize='39241'/>
  <pieceOfFurniture name='lamp2' model='60/lamp2.obj' x='-298.039' y='-151.78893' elevation='86.36' width='18.732498' depth='18.732498' height='30.906816' modelSize='1727180'/>
  <pieceOfFurniture name='lamp2' model='60/lamp2.obj' x='-386.16644' y='-154.31563' elevation='86.36' width='18.7325' depth='18.7325' height='30.797499' modelSize='1727180'/>
  <pieceOfFurniture name='succulentPlant' model='62/succulentPlant.obj' x='-341.45212' y='-154.01225' elevation='86.36' width='18.732498' depth='17.643305' height='15.552489' modelSize='696528'>
    <material name='Material' color='FF0C4600' shininess='0.0'/>
    <material name='Stem' color='FF0C4600'/>
    <material name='leaf' color='FF0C4600'/>
    <material name='pot' color='FFCBFFF8' shininess='0.0'/>
  </pieceOfFurniture>
  <pieceOfFurniture name='armchair2' model='64/armchair2.obj' x='-483.67004' y='38.2051' angle='3.1415927' width='56.515' depth='52.704998' height='97.155' modelSize='1037339'>
    <material name='Material_armchair_tex.jpg' color='FF000825'/>
    <material name='coixi_armchair_tex.jpg' color='FF000825'/>
    <material name='metall' color='FFBD9400'/>
    <material name='negrepotes' color='FFBD9400'/>
  </pieceOfFurniture>
  <pieceOfFurniture name='armchair2' model='64/armchair2.obj' x='-406.75378' y='37.955765' angle='3.1415927' width='56.515' depth='52.704998' height='97.155' modelSize='1037339'>
    <material name='Material_armchair_tex.jpg' color='FF000825'/>
    <material name='coixi_armchair_tex.jpg' color='FF000825'/>
    <material name='metall' color='FFBD9400'/>
    <material name='negrepotes' color='FFBD9400'/>
  </pieceOfFurniture>
  <pieceOfFurniture name='armchair2' model='64/armchair2.obj' x='-542.4781' y='-21.15022' angle='4.712389' width='56.515' depth='52.704998' height='97.155' modelSize='1037339'>
    <material name='Material_armchair_tex.jpg' color='FF000825'/>
    <material name='coixi_armchair_tex.jpg' color='FF000825'/>
    <material name='metall' color='FFBD9400'/>
    <material name='negrepotes' color='FFBD9400'/>
  </pieceOfFurniture>
  <pieceOfFurniture name='armchair2' model='64/armchair2.obj' x='-488.12585' y='-79.36896' width='56.515' depth='52.704998' height='97.155' modelSize='1037339'>
    <material name='Material_armchair_tex.jpg' color='FF000825'/>
    <material name='coixi_armchair_tex.jpg' color='FF000825'/>
    <material name='metall' color='FFBD9400'/>
    <material name='negrepotes' color='FFBD9400'/>
  </pieceOfFurniture>
  <pieceOfFurniture name='armchair2' model='64/armchair2.obj' x='-408.47324' y='-79.61829' width='56.515' depth='52.704998' height='97.155' modelSize='1037339'>
    <material name='Material_armchair_tex.jpg' color='FF000825'/>
    <material name='coixi_armchair_tex.jpg' color='FF000825'/>
    <material name='metall' color='FFBD9400'/>
    <material name='negrepotes' color='FFBD9400'/>
  </pieceOfFurniture>
  <pieceOfFurniture name='armchair2' model='64/armchair2.obj' x='-355.55252' y='-22.740181' angle='1.5707964' width='56.515' depth='52.704998' height='97.155' modelSize='1037339'>
    <material name='Material_armchair_tex.jpg' color='FF000825'/>
    <material name='coixi_armchair_tex.jpg' color='FF000825'/>
    <material name='metall' color='FFBD9400'/>
    <material name='negrepotes' color='FFBD9400'/>
  </pieceOfFurniture>
  <pieceOfFurniture name='black_table' model='66/black_table.obj' x='-444.69257' y='-22.186024' width='175.26' depth='106.68' height='74.93' modelSize='60019'/>
  <pieceOfFurniture name='ArmChair' model='33/singleChair.obj' x='-26.279394' y='-146.4962' width='129.54' depth='101.6' height='99.06' modelSize='1162704'>
    <material name='Sand' color='FF17003D'/>
    <material name='circulargreen' color='FFFF886F'/>
    <material name='woodfeet' color='FF7A4800' shininess='1.0'/>
  </pieceOfFurniture>
  <pieceOfFurniture name='induction-cooker-4-zones' model='68/induction-cooker-4-zones.obj' x='-1025.6871' y='-15.01643' elevation='86.36' angle='4.712389' width='88.9' widthInPlan='88.90001' depth='66.04' height='0.4' heightInPlan='0.40000004' modelSize='33570'/>
  <pieceOfFurniture name='ovenFront(c)' model='70/ovenFront.obj' x='-988.40753' y='-15.255211' angle='4.712389' width='91.44' depth='10.16' height='86.60674' modelSize='101834'/>
  <pieceOfFurniture name='2DoorUpperCabinet' model='72/2DoorUpperCabinet.obj' x='-1032.0372' y='-93.6856' elevation='119.38' angle='4.712389' width='76.2' widthInPlan='76.19999' depth='53.34' depthInPlan='53.340004' height='87.188736' shininess='0.0' modelSize='186590'>
    <material name='Woodenhandle' color='FF7A7A7A'/>
    <material name='brass' color='FF7A7A7A'/>
    <material name='wood' shininess='0.4375'>
      <texture name='bluewood2' width='234.31499' height='234.31497' image='73'/>
    </material>
    <material name='wood1' shininess='1.0'>
      <texture name='bluewood2' width='234.31499' height='234.31497' image='73'/>
    </material>
  </pieceOfFurniture>
  <pieceOfFurniture name='2DoorUpperCabinet' model='72/2DoorUpperCabinet.obj' x='-1032.0372' y='-14.044018' elevation='144.78' angle='4.712389' width='83.82' depth='53.34' depthInPlan='53.339993' height='60.96' heightInPlan='60.96001' modelSize='186590'>
    <material name='Woodenhandle' color='FF7A7A7A' shininess='0.7421875'/>
    <material name='brass' color='FF7A7A7A'/>
    <material name='wood' shininess='0.4140625'>
      <texture name='bluewood2' width='234.31499' height='234.31497' image='73'/>
    </material>
    <material name='wood1' shininess='1.0'>
      <texture name='bluewood2' width='234.31499' height='234.31497' image='73'/>
    </material>
  </pieceOfFurniture>
  <pieceOfFurniture name='2DoorUpperCabinet' model='72/2DoorUpperCabinet.obj' x='-1030.8914' y='85.83259' elevation='119.38' angle='4.712389' width='116.84' widthInPlan='116.840004' depth='53.34' height='87.3125' modelSize='186590'>
    <material name='Woodenhandle' color='FF7A7A7A' shininess='1.0'/>
    <material name='brass' color='FF7A7A7A'/>
    <material name='wood' shininess='0.4453125'>
      <texture name='bluewood2' width='234.31499' height='234.31497' image='73'/>
    </material>
    <material name='wood1' shininess='1.0'>
      <texture name='bluewood2' width='234.31499' height='234.31497' image='73'/>
    </material>
  </pieceOfFurniture>
  <pieceOfFurniture name='2DoorUpperCabinet' model='72/2DoorUpperCabinet.obj' x='-1032.0372' y='-178.7756' elevation='165.09999' angle='4.712389' width='93.979996' widthInPlan='93.98001' depth='53.34' depthInPlan='53.33998' height='40.64' heightInPlan='40.64001' modelSize='186590'>
    <material name='Woodenhandle' color='FF7A7A7A'/>
    <material name='brass' color='FF7A7A7A'/>
    <material name='wood' shininess='0.5703125'>
      <texture name='bluewood2' width='234.31499' height='234.31497' image='73'/>
    </material>
    <material name='wood1' shininess='1.0'>
      <texture name='bluewood2' width='234.31499' height='234.31497' image='73'/>
    </material>
  </pieceOfFurniture>
  <pieceOfFurniture name='2DoorUpperCabinet' model='72/2DoorUpperCabinet.obj' x='-973.7163' y='165.6635' elevation='119.38' angle='3.1415927' width='73.659996' widthInPlan='73.66001' depth='53.34' height='87.3125' modelSize='186590'>
    <material name='Woodenhandle' color='FF7A7A7A'/>
    <material name='brass' color='FF7A7A7A'/>
    <material name='wood' shininess='0.46875'>
      <texture name='bluewood2' width='234.31499' height='234.31497' image='73'/>
    </material>
    <material name='wood1' shininess='1.0'>
      <texture name='bluewood2' width='234.31499' height='234.31497' image='73'/>
    </material>
  </pieceOfFurniture>
  <pieceOfFurniture name='texturableCylinder' model='75/texturableCylinder.obj' x='-240.03954' y='-175.25044' elevation='109.22' angle='1.5707964' width='15.24' depth='15.24' height='31.432499' modelSize='6600'>
    <material name='bottom' color='00000000'/>
    <material name='cylinder' color='FFAB5D00' shininess='1.0'/>
    <material name='top' color='00000000'/>
  </pieceOfFurniture>
  <pieceOfFurniture name='2DoorUpperCabinet' model='72/2DoorUpperCabinet.obj' x='-806.2745' y='167.54642' elevation='119.38' angle='3.1415927' width='73.659996' widthInPlan='73.66001' depth='53.34' height='87.3125' modelSize='186590'>
    <material name='Woodenhandle' color='FF7A7A7A' shininess='1.0'/>
    <material name='brass' color='FF7A7A7A' shininess='1.0'/>
    <material name='wood' shininess='0.4765625'>
      <texture name='bluewood2' width='234.31499' height='234.31497' image='73'/>
    </material>
    <material name='wood1' shininess='1.0'>
      <texture name='bluewood2' width='234.31499' height='234.31497' image='73'/>
    </material>
  </pieceOfFurniture>
  <pieceOfFurniture name='doubleHungWindow80x122' model='77/doubleHungWindow80x122.obj' x='-888.1968' y='203.49431' elevation='106.68' angle='3.1415927' width='86.36' depth='20.32' height='99.060005' modelSize='3457'/>
  <doorOrWindow catalogId='eTeks#serviceHatch' name='Service hatch' creator='eTeks' model='79' x='-888.76825' y='204.37604' elevation='106.68' angle='3.70827E-8' width='86.36' widthInPlan='86.35999' depth='20.32' height='99.06' heightInPlan='99.06001' modelSize='2316' movable='false' cutOutShape='M0,0 v1 h1 v-1 z'/>
  <pieceOfFurniture name='window-blinds' model='81/window-blinds.obj' x='160.3594' y='141.61798' elevation='45.72' angle='3.1415927' width='91.44' depth='6.8285623' height='172.72' modelSize='68519'/>
  <pieceOfFurniture name='window-blinds' model='81/window-blinds.obj' x='-66.08116' y='141.53975' elevation='45.72' angle='3.1415927' width='91.44' depth='6.9849997' height='172.72' modelSize='68519'/>
  <pieceOfFurniture name='window-blinds' model='81/window-blinds.obj' x='-452.86655' y='143.6195' elevation='45.72' angle='3.1415927' width='91.44' depth='6.9849997' height='172.72' modelSize='68519'/>
  <pieceOfFurniture name='window-blinds' model='81/window-blinds.obj' x='-545.32104' y='143.61949' elevation='45.72' angle='3.1415927' width='91.44' depth='6.9849997' height='172.72' modelSize='68519'/>
  <pieceOfFurniture name='2DoorLowerCabinet' model='83/2DoorLowerCabinet.obj' x='-1021.87714' y='87.75585' angle='4.712389' width='114.299995' widthInPlan='114.3' depth='73.659996' height='86.36' shininess='0.0' modelSize='361593'>
    <material name='Woodenhandle' color='FF7A7A7A' shininess='1.0'/>
    <material name='brass' color='FF7A7A7A' shininess='1.0'/>
    <material name='marble2' shininess='0.3828125'>
      <texture name='Marble' creator='eTeks' width='50.0' height='50.0' image='84'/>
    </material>
    <material name='wood' shininess='0.0'>
      <texture name='bluewood2' width='234.31499' height='234.31497' image='73'/>
    </material>
  </pieceOfFurniture>
  <pieceOfFurniture name='2DoorLowerCabinet' model='83/2DoorLowerCabinet.obj' x='-956.20105' y='167.54642' angle='3.1415927' width='68.58' depth='53.34' height='86.36' shininess='0.0' modelSize='361593'>
    <material name='Woodenhandle' color='FF7A7A7A' shininess='1.0'/>
    <material name='brass' color='FF7A7A7A' shininess='1.0'/>
    <material name='marble2'>
      <texture name='Marble' creator='eTeks' width='50.0' height='50.0' image='84'/>
    </material>
    <material name='wood' shininess='0.4765625'>
      <texture name='bluewood2' width='234.31499' height='234.31497' image='73'/>
    </material>
  </pieceOfFurniture>
  <pieceOfFurniture name='cornerCabinet' model='86/cornerCabinet.obj' x='-1024.781' y='159.92627' angle='4.712389' width='68.58' widthInPlan='68.58005' depth='68.58' height='86.36' shininess='0.0' modelSize='25332'>
    <material name='marble2' shininess='0.3828125'>
      <texture name='Marble' creator='eTeks' width='50.0' height='50.0' image='84'/>
    </material>
    <material name='wood' shininess='0.4765625'>
      <texture name='bluewood2' width='234.31499' height='234.31497' image='73'/>
    </material>
  </pieceOfFurniture>
  <pieceOfFurniture name='kitchenSinkWithMarble' model='88/kitchenSinkWithMarble.obj' x='-887.80914' y='168.08733' angle='3.1415927' width='71.119995' depth='53.34' depthInPlan='53.339993' height='111.759995' heightInPlan='111.75999' shininess='0.0' modelSize='2326813'>
    <material name='EPmarble' shininess='0.4140625'>
      <texture name='Marble' creator='eTeks' width='50.0' height='50.0' image='84'/>
    </material>
    <material name='Woodenhandle' color='FF7A7A7A' shininess='1.0'/>
    <material name='brass' color='FF7A7A7A' shininess='1.0'/>
    <material name='brushedmetal' color='FF7A7A7A'/>
    <material name='wood' shininess='0.0'>
      <texture name='bluewood2' width='234.31499' height='234.31497' image='73'/>
    </material>
  </pieceOfFurniture>
  <pieceOfFurniture name='2DoorLowerCabinet' model='83/2DoorLowerCabinet.obj' x='-818.72534' y='167.24219' angle='3.1415927' width='68.58' depth='53.34' height='86.36' shininess='0.0' modelSize='361593'>
    <material name='Woodenhandle' color='FF7A7A7A' shininess='1.0'/>
    <material name='brass' color='FF7A7A7A'/>
    <material name='marble2'>
      <texture name='Marble' creator='eTeks' width='50.0' height='50.0' image='84'/>
    </material>
    <material name='wood'>
      <texture name='bluewood2' width='234.31499' height='234.31497' image='73'/>
    </material>
  </pieceOfFurniture>
  <pieceOfFurniture name='2DoorLowerCabinet' model='83/2DoorLowerCabinet.obj' x='-1023.8575' y='-110.377014' angle='4.712389' width='104.14' widthInPlan='104.14001' depth='71.119995' height='86.36' shininess='0.0' modelSize='361593'>
    <material name='Woodenhandle' color='FF7A7A7A' shininess='1.0'/>
    <material name='brass' color='FF7A7A7A' shininess='1.0'/>
    <material name='marble2' shininess='0.4765625'>
      <texture name='Marble' creator='eTeks' width='50.0' height='50.0' image='84'/>
    </material>
    <material name='wood' shininess='0.0'>
      <texture name='bluewood2' width='234.31499' height='234.31497' image='73'/>
    </material>
  </pieceOfFurniture>
  <pieceOfFurniture name='mensolaAcero' model='90/mensolaAcero.obj' x='-885.81573' y='181.02478' elevation='200.66' angle='1.5707964' width='25.4' widthInPlan='25.39999' depth='101.6' depthInPlan='101.60001' height='5.08' modelSize='25140'>
    <material name='Box46_1'>
      <texture name='bluewood2' width='234.31499' height='234.31497' image='73'/>
    </material>
  </pieceOfFurniture>
  <pieceOfFurniture name='mensolaAcero' model='90/mensolaAcero.obj' x='-1026.7183' y='-200.90056' elevation='81.28' angle='4.712389' width='78.74' widthInPlan='78.74001' depth='68.58' height='5.08' heightInPlan='5.0799994' modelSize='25140'>
    <material name='Box46_1' shininess='0.34375'>
      <texture name='Marble' creator='eTeks' width='50.0' height='50.0' image='84'/>
    </material>
  </pieceOfFurniture>
  <pieceOfFurniture name='WaterLilyFrame' model='92/WaterLilyFrame.obj' x='-1057.5444' y='-318.6996' elevation='111.759995' angle='4.712389' width='97.4725' depth='2.3253672' height='69.63092' modelSize='42282'/>
  <pieceOfFurniture name='lamp2' model='60/lamp2.obj' x='-1038.6018' y='-291.79324' elevation='71.119995' width='30.48' depth='28.30286' height='37.011433' modelSize='1727180'/>
  <pieceOfFurniture name='carpet' model='35/carpet.obj' x='-877.7634' y='-440.71466' angle='1.5707964' width='256.54' widthInPlan='256.54007' depth='259.08' height='0.3175' shininess='0.0' modelSize='46714'>
    <material name='gray' color='FF17003D'/>
  </pieceOfFurniture>
  <doorOrWindow catalogId='eTeks#doubleOutwardOpeningWindow' name='Outward opening window' creator='eTeks' model='94' x='-920.5983' y='-637.09033' elevation='71.119995' angle='3.1415927' width='115.252495' depth='20.47315' height='133.985' modelSize='26300' movable='false' cutOutShape='M0,0 v1 h1 v-1 z' wallCutOutOnBothSides='true'/>
  <pieceOfFurniture name='curtain' model='96/curtain.obj' x='-922.563' y='-623.0441' width='142.23999' widthInPlan='142.24002' depth='7.62' height='228.59999' heightInPlan='228.60002' modelSize='295962'/>
  <pieceOfFurniture catalogId='eTeks#frame' name='Frame' creator='eTeks' model='98/frame.obj' x='-1058.0565' y='-11.695023' elevation='83.82' angle='4.712389' width='101.6' widthInPlan='101.60001' depth='0.3175' depthInPlan='0.31749994' height='63.5' modelSize='3155'>
    <material name='Frame'>
      <texture name='Dark blue tiles' creator='eTeks' catalogId='eTeks#darkBlueTile' width='33.5' height='33.5' image='99'/>
    </material>
    <material name='Mirror'>
      <texture name='Dark blue tiles' creator='eTeks' catalogId='eTeks#darkBlueTile' width='33.5' height='33.5' image='99'/>
    </material>
    <material name='Picture'>
      <texture name='Dark blue tiles' creator='eTeks' catalogId='eTeks#darkBlueTile' width='33.5' height='33.5' image='99'/>
    </material>
  </pieceOfFurniture>
  <pieceOfFurniture name='rectangularMirror' model='101/rectangularMirror.obj' x='-895.66254' y='-253.96635' angle='3.1415927' width='78.74' widthInPlan='78.740005' depth='7.62' height='193.04' heightInPlan='193.04002' modelSize='14013'/>
  <pieceOfFurniture name='bedWithTexture' model='103/bedWithTexture.obj' x='-945.5287' y='-424.10916' angle='4.712389' width='224.604' depth='226.357' height='101.6' heightInPlan='101.59999' modelSize='1779850'>
    <material name='coverlet'>
      <texture name='Grey tiles' creator='eTeks' catalogId='eTeks#greyTile' width='31.5' height='31.5' image='104'/>
    </material>
  </pieceOfFurniture>
  <pieceOfFurniture name='TorontoOntarioPlaceFrame' model='40/TorontoOntarioPlaceFrame.obj' x='-752.28345' y='-626.06036' elevation='109.22' angle='1.7484555E-7' width='91.7575' depth='2.3771372' height='71.78955' modelSize='25047'/>
  <doorOrWindow catalogId='eTeks#frontDoor' name='Front door' creator='eTeks' model='107' x='-659.9268' y='-462.3584' angle='1.5707964' width='78.74' widthInPlan='78.73999' depth='25.4' depthInPlan='25.399998' height='208.5975' modelSize='24179' movable='false' cutOutShape='M0,0 v1 h1 v-1 z' wallCutOutOnBothSides='true'/>
  <doorOrWindow catalogId='eTeks#doorFrame' name='Door frame' creator='eTeks' model='9' x='-491.96317' y='-395.2219' angle='1.7484555E-7' width='177.8' depth='25.000698' height='208.28' modelSize='1281' movable='false' cutOutShape='M0,0 v1 h1 v-1 z' wallCutOutOnBothSides='true'/>
  <pieceOfFurniture name='curtain' model='96/curtain.obj' x='-491.36664' y='-411.43878' width='185.42' widthInPlan='185.42001' depth='10.16' height='215.9' heightInPlan='215.90002' modelSize='295962'>
    <material name='fabric' color='FF000037'/>
  </pieceOfFurniture>
  <pieceOfFurniture name='pinewoodRackLowHeight' model='109/pinewoodRackLowHeight.obj' x='-273.43512' y='-449.6488' elevation='93.979996' width='144.78' depth='60.96' depthInPlan='60.959995' height='129.54' modelSize='32025'>
    <material name='wood' color='FFB0B0B0'/>
  </pieceOfFurniture>
  <doorOrWindow catalogId='eTeks#doorFrame' name='Door frame' creator='eTeks' model='9' x='-352.73688' y='-311.98776' angle='1.5707964' width='91.44' depth='25.000698' height='208.28' modelSize='1281' movable='false' cutOutShape='M0,0 v1 h1 v-1 z' wallCutOutOnBothSides='true'/>
  <pieceOfFurniture name='mobilettoLavaboWenge' model='111/mobilettoLavaboWenge.obj' x='-290.28387' y='-242.67943' angle='3.1415927' width='88.9' widthInPlan='88.90002' depth='50.8' depthInPlan='50.799995' height='101.3' modelSize='352939'/>
  <pieceOfFurniture catalogId='eTeks#frame' name='Frame' creator='eTeks' model='98/frame.obj' x='-288.96942' y='-218.54941' elevation='99.06' angle='3.1415927' width='86.36' widthInPlan='86.36001' depth='2.54' height='78.74' modelSize='3155'/>
  <pieceOfFurniture name='carpet' model='35/carpet.obj' x='-4.030657' y='-292.05798' angle='1.5707964' width='71.119995' widthInPlan='71.12' depth='200.66' depthInPlan='200.66002' height='0.3175' shininess='0.0' modelSize='46714'/>
  <doorOrWindow catalogId='eTeks#door' name='Door' creator='eTeks' model='1' x='-178.94142' y='-551.94495' angle='1.5707964' width='91.44' depth='38.334003' height='208.28' modelSize='14086' movable='false' cutOutShape='M0,0 v1 h1 v-1 z' wallCutOutOnBothSides='true'/>
  <pieceOfFurniture name='lbDesk' model='113/lbDesk.obj' x='193.51408' y='-446.50388' angle='4.712389' width='190.5' widthInPlan='190.50002' depth='81.28' depthInPlan='81.28001' height='72.3' modelSize='297181'/>
  <pieceOfFurniture name='clavier' model='115/clavier.obj' x='213.4078' y='-392.94888' elevation='78.74' angle='4.712389' width='48.26' depth='20.32' height='0.3175' modelSize='105243'>
    <material name='grey' color='FFB0B0B0'/>
  </pieceOfFurniture>
  <pieceOfFurniture name='tv' model='117/tv.obj' x='169.4402' y='-489.59695' elevation='72.39' angle='4.712389' width='63.5' depth='13.0175' height='51.7525' modelSize='71405'>
    <material name='tvblack' color='FF020202' shininess='1.0'/>
    <material name='tvbox' color='FFFF886F'/>
  </pieceOfFurniture>
  <pieceOfFurniture name='tv' model='117/tv.obj' x='168.08742' y='-396.13153' elevation='72.39' angle='4.712389' width='63.5' depth='13.0175' height='51.7525' modelSize='71405'>
    <material name='tvblack' color='FF020202' shininess='1.0'/>
    <material name='tvbox' color='FFFF886F'/>
  </pieceOfFurniture>
  <pieceOfFurniture name='clavier' model='115/clavier.obj' x='213.99619' y='-481.65396' elevation='78.74' angle='4.712389' width='48.26' depth='20.32' height='0.3175' modelSize='105243'>
    <material name='grey' color='FFB0B0B0'/>
  </pieceOfFurniture>
  <pieceOfFurniture name='white_kitchen_chair' model='119/white_kitchen_chair.obj' x='221.44759' y='-399.40002' angle='1.5707964' width='42.676834' depth='46.948357' height='86.00458' modelSize='244495'/>
  <pieceOfFurniture name='white_kitchen_chair' model='119/white_kitchen_chair.obj' x='221.73726' y='-474.36752' angle='1.5707964' width='42.545' depth='46.989998' height='86.042496' modelSize='244495'/>
  <pieceOfFurniture name='technicalTable1' model='121/technicalTable1.obj' x='427.80298' y='-407.91974' angle='1.5707964' width='246.37999' widthInPlan='246.38002' depth='119.38' height='76.2' heightInPlan='76.19998' modelSize='32837'/>
  <pieceOfFurniture name='window-blinds' model='81/window-blinds.obj' x='367.82358' y='-569.7041' elevation='45.72' angle='3.1415927' width='114.299995' depth='7.62' height='172.72' modelSize='68519'/>
  <pieceOfFurniture name='window-blinds' model='81/window-blinds.obj' x='525.61755' y='-373.66772' elevation='45.72' angle='1.5707964' width='114.299995' depth='7.62' height='172.72' modelSize='68519'/>
  <pieceOfFurniture name='window-blinds' model='81/window-blinds.obj' x='-23.705006' y='-663.4559' elevation='83.82' angle='1.7484555E-7' width='134.62' widthInPlan='134.62001' depth='15.24' height='134.62' heightInPlan='134.62001' modelSize='68519'/>
  <pieceOfFurniture name='glassblock' model='123/glassblock.obj' x='-410.5482' y='-772.08844' angle='1.5707964' width='45.72' widthInPlan='45.720013' depth='10.16' depthInPlan='10.160003' height='162.56' heightInPlan='162.56004' modelSize='299037'/>
  <pieceOfFurniture name='glassblock' model='123/glassblock.obj' x='-409.81586' y='-727.0026' angle='1.5707964' width='45.72' widthInPlan='45.720013' depth='10.16' depthInPlan='10.160003' height='162.56' heightInPlan='162.56004' modelSize='299037'/>
  <pieceOfFurniture name='glassblock' model='123/glassblock.obj' x='-409.81586' y='-683.07446' angle='1.5707964' width='45.72' widthInPlan='45.720013' depth='10.16' depthInPlan='10.160003' height='162.56' heightInPlan='162.56004' modelSize='299037'/>
  <pieceOfFurniture name='glassblock' model='123/glassblock.obj' x='-409.22748' y='-637.83936' angle='1.5707964' width='45.72' widthInPlan='45.720013' depth='10.16' depthInPlan='10.160003' height='162.56' heightInPlan='162.56004' modelSize='299037'/>
  <pieceOfFurniture name='pareDouche' model='125/pareDouche.obj' x='-418.41464' y='-561.51886' angle='4.712389' width='116.84' widthInPlan='116.840004' depth='5.08' depthInPlan='5.0800004' height='162.56' modelSize='27129'>
    <material name='aqua' color='FF5C5C5C'/>
  </pieceOfFurniture>
  <pieceOfFurniture name='modernVanity' model='127/modernVanity.obj' x='-587.1674' y='-747.3264' width='109.22' depth='76.2' height='93.291245' heightInPlan='93.29124' modelSize='352481'>
    <material name='Closet' color='FF005D71' shininess='0.0'/>
  </pieceOfFurniture>
  <pieceOfFurniture name='bathtub_jet_system' model='129/bathtub_jet_system.obj' x='-343.17706' y='-654.8109' angle='4.712389' width='307.34' widthInPlan='307.34006' depth='137.16' depthInPlan='137.16002' height='7.62' modelSize='188672'>
    <material name='Jet_system' color='00000000'/>
    <material name='Legs' color='00000000'/>
    <material name='Side' color='FF020202'/>
    <material name='Tub' color='FF020202'/>
    <material name='Water' color='00000000'/>
  </pieceOfFurniture>
  <pieceOfFurniture name='rounded-dimmer' model='131/rounded-dimmer.obj' x='-460.68683' y='-507.0888' elevation='116.84' angle='3.1415927' width='21.2725' depth='4.3467865' height='21.272497' modelSize='35458'>
    <material name='whiteExterior' color='00000000'/>
    <material name='whiteInterior' color='FF5C5C5C' shininess='0.2265625'/>
  </pieceOfFurniture>
  <wall id='wall-7f2375e3-21c1-4699-87c3-5b94bb6f051a' wallAtStart='wall-f0f81804-aff8-4c52-925b-d6b0d784d9a1' xStart='-1068.5497' yStart='204.05891' xEnd='-657.0697' yEnd='204.05893' height='243.84' thickness='19.685' pattern='reversedHatchDown' leftSideShininess='0.25' rightSideShininess='0.25'>
    <texture attribute='leftSideTexture' name='wall' width='264.16' height='337.98932' image='134'/>
    <texture attribute='rightSideTexture' name='wall' width='264.16' height='337.98932' image='134'/>
  </wall>
  <wall id='wall-5677258e-df26-47d3-beda-53de2cebfa60' wallAtEnd='wall-7e3daf92-3bc4-4d04-b463-eaac88b2675c' xStart='-661.2285' yStart='156.9545' xEnd='345.2863' yEnd='156.9545' height='243.84' thickness='19.685' pattern='reversedHatchDown' leftSideShininess='0.25'>
    <texture attribute='leftSideTexture' name='wall' width='264.16' height='337.98932' image='134'/>
    <texture attribute='rightSideTexture' name='wall' width='264.16' height='337.98932' image='134'/>
  </wall>
  <wall id='wall-7e3daf92-3bc4-4d04-b463-eaac88b2675c' wallAtStart='wall-5677258e-df26-47d3-beda-53de2cebfa60' xStart='345.2863' yStart='156.9545' xEnd='345.28625' yEnd='-207.4369' height='243.84' thickness='19.685' pattern='reversedHatchDown' leftSideShininess='0.25' rightSideShininess='0.25'>
    <texture attribute='leftSideTexture' name='wall' width='264.16' height='337.98932' image='134'/>
    <texture attribute='rightSideTexture' name='wall' width='264.16' height='337.98932' image='134'/>
  </wall>
  <wall id='wall-f6338a56-6d98-4dd4-8d3c-fc00aba599e8' wallAtEnd='wall-b81cc198-5951-4dc8-8769-1b0cdf310526' xStart='539.27045' yStart='-207.4369' xEnd='539.27045' yEnd='-583.3566' height='243.84' thickness='19.685' pattern='reversedHatchDown' leftSideShininess='0.25' rightSideShininess='0.25'>
    <texture attribute='leftSideTexture' name='wall' width='264.16' height='337.98932' image='134'/>
    <texture attribute='rightSideTexture' name='wall' width='264.16' height='337.98932' image='134'/>
  </wall>
  <wall id='wall-b81cc198-5951-4dc8-8769-1b0cdf310526' wallAtStart='wall-f6338a56-6d98-4dd4-8d3c-fc00aba599e8' xStart='539.27045' yStart='-583.3566' xEnd='143.03157' yEnd='-583.3566' height='243.84' thickness='19.685' pattern='reversedHatchDown' leftSideShininess='0.25' rightSideShininess='0.25'>
    <texture attribute='leftSideTexture' name='wall' width='264.16' height='337.98932' image='134'/>
    <texture attribute='rightSideTexture' name='wall' width='264.16' height='337.98932' image='134'/>
  </wall>
  <wall id='wall-86dbae71-4f0e-4e22-a852-4b6f13dbd61e' wallAtEnd='wall-c44fecd0-0f90-402c-ba65-761e3c35f21b' xStart='155.418' yStart='-671.21295' xEnd='-172.242' yEnd='-671.21295' height='243.84' thickness='19.685' pattern='reversedHatchDown' leftSideShininess='0.25' rightSideShininess='0.25'>
    <texture attribute='leftSideTexture' name='wall' width='264.16' height='337.98932' image='134'/>
    <texture attribute='rightSideTexture' name='wall' width='264.16' height='337.98932' image='134'/>
  </wall>
  <wall id='wall-c44fecd0-0f90-402c-ba65-761e3c35f21b' wallAtStart='wall-86dbae71-4f0e-4e22-a852-4b6f13dbd61e' xStart='-172.242' yStart='-671.21295' xEnd='-172.242' yEnd='-206.39294' height='243.84' thickness='19.685' pattern='reversedHatchDown' leftSideShininess='0.25' rightSideShininess='0.25'>
    <texture attribute='leftSideTexture' name='wall' width='264.16' height='337.98932' image='134'/>
    <texture attribute='rightSideTexture' name='wall' width='264.16' height='337.98932' image='134'/>
  </wall>
  <wall id='wall-403d7cc4-6e7e-405d-9b7f-c52af8e20f8b' wallAtStart='wall-490f870e-d0b4-4a7f-a669-66fc15f2f580' wallAtEnd='wall-49e1a1dc-773a-4dc0-885b-bc826f9ce8a1' xStart='-657.0697' yStart='-804.791' xEnd='-657.0697' yEnd='-636.69666' height='243.84' thickness='19.685' pattern='reversedHatchDown' leftSideShininess='0.25' rightSideShininess='0.25'>
    <texture attribute='leftSideTexture' name='wall' width='264.16' height='337.98932' image='134'/>
    <texture attribute='rightSideTexture' name='wall' width='264.16' height='337.98932' image='134'/>
  </wall>
  <wall id='wall-49e1a1dc-773a-4dc0-885b-bc826f9ce8a1' wallAtStart='wall-403d7cc4-6e7e-405d-9b7f-c52af8e20f8b' wallAtEnd='wall-ef38f50f-fe3c-49c5-89c4-cebf5aacaeef' xStart='-657.0697' yStart='-636.69666' xEnd='-1068.5497' yEnd='-636.69666' height='243.84' thickness='19.685' pattern='reversedHatchDown' leftSideShininess='0.25'>
    <texture attribute='leftSideTexture' name='wall' width='264.16' height='337.98932' image='134'/>
    <texture attribute='rightSideTexture' name='wall' width='264.16' height='337.98932' image='134'/>
  </wall>
  <wall id='wall-e7f3162d-b2b2-4ee2-b198-b869ae77b9f4' xStart='-1068.5497' yStart='-240.31386' xEnd='-657.0697' yEnd='-240.31386' height='243.84' thickness='19.685' pattern='reversedHatchDown' leftSideShininess='0.25' rightSideShininess='0.25'>
    <texture attribute='leftSideTexture' name='wall' width='264.16' height='337.98932' image='134'/>
    <texture attribute='rightSideTexture' name='wall' width='264.16' height='337.98932' image='134'/>
  </wall>
  <wall id='wall-1c036ca1-f758-41d4-aa45-2b72f9280c4f' xStart='-240.39233' yStart='146.71513' xEnd='-240.39233' yEnd='47.01095' height='109.22' thickness='19.684998' pattern='reversedHatchDown' leftSideShininess='0.25' rightSideShininess='0.25'>
    <texture attribute='leftSideTexture' name='wall' width='264.16' height='337.98932' image='134'/>
    <texture attribute='rightSideTexture' name='wall' width='264.16' height='337.98932' image='134'/>
  </wall>
  <wall id='wall-c4fe1faa-68f0-4ec3-885a-4627d693100a' xStart='-240.39235' yStart='-207.4369' xEnd='-240.39235' yEnd='-113.45691' height='109.22' thickness='17.779999' pattern='reversedHatchDown' leftSideShininess='0.25' rightSideShininess='0.25'>
    <texture attribute='leftSideTexture' name='wall' width='264.16' height='337.98932' image='134'/>
    <texture attribute='rightSideTexture' name='wall' width='264.16' height='337.98932' image='134'/>
  </wall>
  <wall id='wall-af1b421e-d72c-464e-a40c-ffbef8661018' xStart='-352.70416' yStart='-207.4369' xEnd='-352.70416' yEnd='-476.67688' height='243.84' thickness='19.685' pattern='reversedHatchDown' leftSideShininess='0.25' rightSideShininess='0.25'>
    <texture attribute='leftSideTexture' name='wall' width='264.16' height='337.98932' image='134'/>
    <texture attribute='rightSideTexture' name='wall' width='264.16' height='337.98932' image='134'/>
  </wall>
  <wall id='wall-2a06984f-3552-4ec7-a59e-4daaf12f479a' wallAtStart='wall-7983e8d0-9bcb-4623-b9e9-6bb133d897ef' xStart='143.03157' yStart='-207.4369' xEnd='539.27045' yEnd='-207.4369' height='243.84' thickness='19.685' pattern='reversedHatchDown' leftSideShininess='0.25' rightSideShininess='0.25'>
    <texture attribute='leftSideTexture' name='wall' width='264.16' height='337.98932' image='134'/>
    <texture attribute='rightSideTexture' name='wall' width='264.16' height='337.98932' image='134'/>
  </wall>
  <wall id='wall-ef38f50f-fe3c-49c5-89c4-cebf5aacaeef' wallAtStart='wall-49e1a1dc-773a-4dc0-885b-bc826f9ce8a1' wallAtEnd='wall-f0f81804-aff8-4c52-925b-d6b0d784d9a1' xStart='-1068.5497' yStart='-636.69666' xEnd='-1068.5497' yEnd='-240.31386' height='243.84' thickness='19.685' pattern='reversedHatchDown' leftSideShininess='0.25' rightSideShininess='0.25'>
    <texture attribute='leftSideTexture' name='wall' width='264.16' height='337.98932' image='134'/>
    <texture attribute='rightSideTexture' name='wall' width='264.16' height='337.98932' image='134'/>
  </wall>
  <wall id='wall-f0f81804-aff8-4c52-925b-d6b0d784d9a1' wallAtStart='wall-ef38f50f-fe3c-49c5-89c4-cebf5aacaeef' wallAtEnd='wall-7f2375e3-21c1-4699-87c3-5b94bb6f051a' xStart='-1068.5497' yStart='-240.31386' xEnd='-1068.5497' yEnd='204.05891' height='243.84' thickness='19.685' pattern='reversedHatchDown' leftSideShininess='0.25' rightSideShininess='0.25'>
    <texture attribute='leftSideTexture' name='wall' width='264.16' height='337.98932' image='134'/>
    <texture attribute='rightSideTexture' name='wall' width='264.16' height='337.98932' image='134'/>
  </wall>
  <wall id='wall-633ad8a8-bd1c-41d5-8c9d-8ee31c5afc6b' wallAtStart='wall-318c5eb7-cb87-4c21-b920-5982aec0e59c' wallAtEnd='wall-7aaf4e3e-cd4d-4613-be46-018fd3c78f17' xStart='-657.0697' yStart='-240.31386' xEnd='-657.0697' yEnd='-187.16287' height='243.84' thickness='19.685' pattern='reversedHatchDown' leftSideShininess='0.25' rightSideShininess='0.25'>
    <texture attribute='leftSideTexture' name='wall' width='264.16' height='337.98932' image='134'/>
    <texture attribute='rightSideTexture' name='wall' width='264.16' height='337.98932' image='134'/>
  </wall>
  <wall id='wall-ddd24eec-12be-4e25-b4a6-1d5375b3dba2' wallAtEnd='wall-3fb42588-7c3f-4ae7-ac27-bc574c34d0a4' xStart='-659.62573' yStart='-207.4369' xEnd='-352.70416' yEnd='-207.4369' height='243.84' thickness='19.685' pattern='reversedHatchDown' leftSideShininess='0.25' rightSideShininess='0.25'>
    <texture attribute='leftSideTexture' name='wall' width='264.16' height='337.98932' image='134'/>
    <texture attribute='rightSideTexture' name='wall' width='264.16' height='337.98932' image='134'/>
  </wall>
  <wall id='wall-3fb42588-7c3f-4ae7-ac27-bc574c34d0a4' wallAtStart='wall-ddd24eec-12be-4e25-b4a6-1d5375b3dba2' wallAtEnd='wall-2f8ee5aa-5227-45a5-84b4-202179327010' xStart='-352.70416' yStart='-207.4369' xEnd='-240.39235' yEnd='-207.4369' height='243.84' thickness='19.685' pattern='reversedHatchDown' leftSideShininess='0.25' rightSideShininess='0.25'>
    <texture attribute='leftSideTexture' name='wall' width='264.16' height='337.98932' image='134'/>
    <texture attribute='rightSideTexture' name='wall' width='264.16' height='337.98932' image='134'/>
  </wall>
  <wall id='wall-2f8ee5aa-5227-45a5-84b4-202179327010' wallAtStart='wall-3fb42588-7c3f-4ae7-ac27-bc574c34d0a4' wallAtEnd='wall-7983e8d0-9bcb-4623-b9e9-6bb133d897ef' xStart='-240.39235' yStart='-207.4369' xEnd='-192.2631' yEnd='-207.4369' height='243.84' thickness='19.685' pattern='reversedHatchDown' leftSideShininess='0.25' rightSideShininess='0.25'>
    <texture attribute='leftSideTexture' name='wall' width='264.16' height='337.98932' image='134'/>
    <texture attribute='rightSideTexture' name='wall' width='264.16' height='337.98932' image='134'/>
  </wall>
  <wall id='wall-7983e8d0-9bcb-4623-b9e9-6bb133d897ef' wallAtStart='wall-2f8ee5aa-5227-45a5-84b4-202179327010' wallAtEnd='wall-2a06984f-3552-4ec7-a59e-4daaf12f479a' xStart='-192.2631' yStart='-207.4369' xEnd='143.03157' yEnd='-207.4369' height='243.84' thickness='19.685' pattern='reversedHatchDown' leftSideShininess='0.25' rightSideShininess='0.25'>
    <texture attribute='leftSideTexture' name='wall' width='264.16' height='337.98932' image='134'/>
    <texture attribute='rightSideTexture' name='wall' width='264.16' height='337.98932' image='134'/>
  </wall>
  <wall id='wall-bb47bb13-f446-4c6b-8ac6-3e4c77efcc57' wallAtEnd='wall-318c5eb7-cb87-4c21-b920-5982aec0e59c' xStart='-657.0697' yStart='-636.69666' xEnd='-657.0697' yEnd='-447.94296' height='243.84' thickness='19.685' pattern='reversedHatchDown' leftSideShininess='0.25' rightSideShininess='0.25'>
    <texture attribute='leftSideTexture' name='wall' width='264.16' height='337.98932' image='134'/>
    <texture attribute='rightSideTexture' name='wall' width='264.16' height='337.98932' image='134'/>
  </wall>
  <wall id='wall-318c5eb7-cb87-4c21-b920-5982aec0e59c' wallAtStart='wall-bb47bb13-f446-4c6b-8ac6-3e4c77efcc57' wallAtEnd='wall-633ad8a8-bd1c-41d5-8c9d-8ee31c5afc6b' xStart='-657.0697' yStart='-447.94296' xEnd='-657.0697' yEnd='-240.31386' height='243.84' thickness='19.685' pattern='reversedHatchDown' leftSideShininess='0.25' rightSideShininess='0.25'>
    <texture attribute='leftSideTexture' name='wall' width='264.16' height='337.98932' image='134'/>
    <texture attribute='rightSideTexture' name='wall' width='264.16' height='337.98932' image='134'/>
  </wall>
  <wall id='wall-acbd219a-1053-415f-917a-b2633b015f7c' xStart='-269.6899' yStart='-489.83102' xEnd='-269.6899' yEnd='-814.95105' height='243.84' thickness='19.685' pattern='reversedHatchDown' leftSideShininess='0.25'>
    <texture attribute='leftSideTexture' name='wall' width='264.16' height='337.98932' image='134'/>
    <texture attribute='rightSideTexture' name='wall' width='264.16' height='337.98932' image='134'/>
  </wall>
  <wall id='wall-7aaf4e3e-cd4d-4613-be46-018fd3c78f17' wallAtStart='wall-633ad8a8-bd1c-41d5-8c9d-8ee31c5afc6b' xStart='-657.0697' yStart='-187.16287' xEnd='-657.0697' yEnd='214.15714' height='243.84' thickness='19.685' pattern='reversedHatchDown' leftSideShininess='0.25' rightSideShininess='0.25'>
    <texture attribute='leftSideTexture' name='wall' width='264.16' height='337.98932' image='134'/>
    <texture attribute='rightSideTexture' name='wall' width='264.16' height='337.98932' image='134'/>
  </wall>
  <wall id='wall-28a282d5-4f8f-40ab-8f69-7a62cc287328' xStart='-172.242' yStart='-372.53665' xEnd='143.03157' yEnd='-372.53662' height='243.84' thickness='19.685' pattern='reversedHatchDown' leftSideShininess='0.25' rightSideShininess='0.25'>
    <texture attribute='leftSideTexture' name='wall' width='264.16' height='337.98932' image='134'/>
    <texture attribute='rightSideTexture' name='wall' width='264.16' height='337.98932' image='134'/>
  </wall>
  <wall id='wall-98e55a4d-02d4-4e90-9474-ffa39e2e90df' xStart='143.03156' yStart='-674.79663' xEnd='143.03157' yEnd='-207.4369' height='243.84' thickness='19.685' pattern='reversedHatchDown' leftSideShininess='0.25' rightSideShininess='0.25'>
    <texture attribute='leftSideTexture' name='wall' width='264.16' height='337.98932' image='134'/>
    <texture attribute='rightSideTexture' name='wall' width='264.16' height='337.98932' image='134'/>
  </wall>
  <wall id='wall-f2d9ba0f-1ba5-4502-99f6-7b412d693474' xStart='-174.03387' yStart='-493.25635' xEnd='-658.8616' yEnd='-493.25635' height='243.84' thickness='19.685' pattern='reversedHatchDown' leftSideShininess='0.25' rightSideShininess='0.25'>
    <texture attribute='leftSideTexture' name='wall' width='264.16' height='337.98932' image='134'/>
    <texture attribute='rightSideTexture' name='wall' width='264.16' height='337.98932' image='134'/>
  </wall>
  <wall id='wall-c7269e56-6a5f-4cce-8da6-5708628abb78' xStart='-352.70416' yStart='-389.82678' xEnd='-664.5065' yEnd='-389.82678' height='243.84' thickness='19.685' pattern='reversedHatchDown' leftSideShininess='0.25' rightSideShininess='0.25'>
    <texture attribute='leftSideTexture' name='wall' width='264.16' height='337.98932' image='134'/>
    <texture attribute='rightSideTexture' name='wall' width='264.16' height='337.98932' image='134'/>
  </wall>
  <wall id='wall-490f870e-d0b4-4a7f-a669-66fc15f2f580' wallAtEnd='wall-403d7cc4-6e7e-405d-9b7f-c52af8e20f8b' xStart='-255.7497' yStart='-804.791' xEnd='-657.0697' yEnd='-804.791' height='243.84' thickness='19.685' pattern='reversedHatchDown' leftSideShininess='0.25' rightSideShininess='0.25'>
    <texture attribute='leftSideTexture' name='wall' width='264.16' height='337.98932' image='134'/>
    <texture attribute='rightSideTexture' name='wall' width='264.16' height='337.98932' image='134'/>
  </wall>
  <room id='room-9cc1d307-c2f3-46b6-b09c-2ba1cbe50bde' areaVisible='true' ceilingFlat='true'>
    <texture attribute='floorTexture' name='WoodFloor051_1K_Color' width='20.32' height='20.32' image='133'/>
    <texture attribute='ceilingTexture' name='Plastic010_1K_Displacement' width='20.32' height='20.32' image='132'/>
    <point x='152.87407' y='-593.19916'/>
    <point x='549.1129' y='-593.19916'/>
    <point x='549.1129' y='-197.5944'/>
    <point x='152.87407' y='-197.59444'/>
  </room>
  <room id='room-f8d16e6d-cced-4a04-8816-e6b0bae4b775' areaVisible='true' ceilingFlat='true'>
    <texture attribute='floorTexture' name='WoodFloor051_1K_Color' width='20.32' height='20.32' image='133'/>
    <texture attribute='ceilingTexture' name='Plastic010_1K_Displacement' width='20.32' height='20.32' image='132'/>
    <point x='-1058.1682' y='-650.9697'/>
    <point x='-1058.1682' y='205.01024'/>
    <point x='-642.2007' y='205.01024'/>
    <point x='-646.6883' y='-650.9697'/>
  </room>
  <room id='room-29ec7b69-f560-476a-85df-dec8d7455904' areaVisible='true' ceilingFlat='true'>
    <texture attribute='floorTexture' name='WoodFloor051_1K_Color' width='20.32' height='20.32' image='133'/>
    <texture attribute='ceilingTexture' name='Plastic010_1K_Displacement' width='20.32' height='20.32' image='132'/>
    <point x='-662.7535' y='172.862'/>
    <point x='-662.7534' y='-210.3566'/>
    <point x='354.4358' y='-211.21454'/>
    <point x='354.43576' y='172.86188'/>
  </room>
  <room id='room-c3f312ab-8249-45cc-858d-d5b9fd65317e' areaVisible='true' ceilingFlat='true'>
    <texture attribute='floorTexture' name='WoodFloor051_1K_Color' width='20.32' height='20.32' image='133'/>
    <texture attribute='ceilingTexture' name='Plastic010_1K_Displacement' width='20.32' height='20.32' image='132'/>
    <point x='-194.92606' y='-678.8157'/>
    <point x='-194.92607' y='-196.8946'/>
    <point x='162.57988' y='-196.8946'/>
    <point x='162.57988' y='-678.8157'/>
  </room>
  <room id='room-3654eefa-ad50-4809-865e-7f859f096174' areaVisible='true' ceilingFlat='true'>
    <texture attribute='floorTexture' name='WoodFloor051_1K_Color' width='20.32' height='20.32' image='133'/>
    <texture attribute='ceilingTexture' name='Plastic010_1K_Displacement' width='20.32' height='20.32' image='132'/>
    <point x='-657.0697' y='-427.87057'/>
    <point x='-662.7534' y='-201.15195'/>
    <point x='-342.86166' y='-201.15195'/>
    <point x='-342.42722' y='-428.89587'/>
  </room>
  <room id='room-b83e3e15-e87c-4f80-8aa4-8ab596520dca' areaVisible='true' ceilingFlat='true'>
    <texture attribute='floorTexture' name='WoodFloor051_1K_Color' width='20.32' height='20.32' image='133'/>
    <texture attribute='ceilingTexture' name='Plastic010_1K_Displacement' width='20.32' height='20.32' image='132'/>
    <point x='-674.98816' y='-799.23413'/>
    <point x='-250.72629' y='-799.23413'/>
    <point x='-250.72632' y='-512.45276'/>
    <point x='-674.98816' y='-507.30524'/>
  </room>
  <room id='room-f17517b0-4c95-4661-8c8d-401cd8709ac0' areaVisible='true' ceilingFlat='true'>
    <texture attribute='floorTexture' name='WoodFloor051_1K_Color' width='20.32' height='20.32' image='133'/>
    <texture attribute='ceilingTexture' name='Plastic010_1K_Displacement' width='20.32' height='20.32' image='132'/>
    <point x='-670.4614' y='-512.45264'/>
    <point x='-188.27374' y='-512.45264'/>
    <point x='-188.27374' y='-403.76324'/>
    <point x='-670.4614' y='-403.76324'/>
  </room>
  <room id='room-2c007503-4a29-4047-834a-75acd413cb29' areaVisible='true' ceilingFlat='true'>
    <texture attribute='floorTexture' name='WoodFloor051_1K_Color' width='20.32' height='20.32' image='133'/>
    <texture attribute='ceilingTexture' name='Plastic010_1K_Displacement' width='20.32' height='20.32' image='132'/>
    <point x='-355.2511' y='-411.2469'/>
    <point x='-355.2511' y='-210.6554'/>
    <point x='-193.54045' y='-210.6554'/>
    <point x='-193.54047' y='-411.2469'/>
  </room>
</home>